,precision,recall,f1-score,support
0,0.8483290488431876,0.889487870619946,0.868421052631579,742.0
1,0.645021645021645,0.5580524344569289,0.5983935742971888,267.0
accuracy,0.8017839444995044,0.8017839444995044,0.8017839444995044,0.8017839444995044
macro avg,0.7466753469324163,0.7237701525384375,0.7334073134643839,1009.0
weighted avg,0.794530162004385,0.8017839444995044,0.7969668041526075,1009.0
