{
    "Accuracy": 0.8017839444995044,
    "Precision": 0.645021645021645,
    "Recall": 0.5580524344569289,
    "F1 Score": 0.5983935742971888,
    "ROC AUC": 0.857715759613152,
    "Log Loss": 0.4024356135756316,
    "Matthews Correlation": 0.4698875610634476,
    "Cohen Kappa": 0.46772593952438235
}