{
    "Accuracy": 0.8097125867195243,
    "Precision": 0.669683257918552,
    "Recall": 0.5543071161048689,
    "F1 Score": 0.6065573770491803,
    "ROC AUC": 0.8573018565068596,
    "Log Loss": 0.40149166447539764,
    "Matthews Correlation": 0.4862852999161906,
    "Cohen Kappa": 0.48253369589024997
}