Risk_Level,Customers,Revenue_Risk,Avg_CLV,Avg_Probability
Medium,693,706854.0346876711,2068.0532483649977,0.5017313131313131
Low,959,686448.422713028,2485.138690794944,0.29146850886339937
Very Low,2653,533679.2385505256,2777.3555778051923,0.07130625706747079
High,583,251890.01373442874,637.5401363150334,0.6892734133790738
Critical,154,19893.817788038177,155.0652598492511,0.844646103896104
