Risk_Level,Customers,Revenue_Risk,Avg_CLV,Avg_Probability
Medium,687,682950.1555394041,2025.338794210731,0.5000227074235808
Low,931,645008.0693874315,2393.2947935684156,0.29070945220193345
Very Low,2683,561063.5534321169,2811.965113233409,0.07194092433842714
High,590,268700.97382667067,677.9742371193838,0.6881952542372881
Critical,152,20087.981996405335,158.69473660619636,0.8456394736842107
